Country,Year,Happiness Score,Happiness Rank,Freedom,Generosity,GDP per capita,Health (Life Expectancy),Trust (Government Corruption)
Switzerland,2015,7.587,1,0.66557,0.29678,1.39651,0.94143,0.41978
Iceland,2015,7.561,2,0.62877,0.4363,1.30232,0.94784,0.14145
Denmark,2015,7.527,3,0.64938,0.34139,1.32548,0.87464,0.48357
Norway,2015,7.522,4,0.66973,0.34699,1.459,0.88521,0.36503
Canada,2015,7.427,5,0.63297,0.45811,1.32629,0.90563,0.32957
Finland,2015,7.406,6,0.64169,0.23351,1.29025,0.88911,0.41372
Netherlands,2015,7.378,7,0.61576,0.4761,1.32944,0.89284,0.31814
Sweden,2015,7.364,8,0.6598,0.36262,1.33171,0.91087,0.43844
New Zealand,2015,7.286,9,0.63938,0.47501,1.25018,0.90837,0.42922
Australia,2015,7.284,10,0.65124,0.43562,1.33358,0.93156,0.35637
Israel,2015,7.278,11,0.41319,0.33172,1.22857,0.91387,0.07785
Costa Rica,2015,7.226,12,0.63376,0.25497,0.95578,0.86027,0.10583
Austria,2015,7.2,13,0.62433,0.33088,1.33723,0.89042,0.18676
Mexico,2015,7.187,14,0.48181,0.14074,1.02054,0.81444,0.21312
United States,2015,7.119,15,0.54604,0.40105,1.39451,0.86179,0.1589
Brazil,2015,6.983,16,0.49049,0.14574,0.98124,0.69702,0.17521
Luxembourg,2015,6.946,17,0.61583,0.28034,1.56391,0.91894,0.37798
Ireland,2015,6.94,18,0.61777,0.45901,1.33596,0.89533,0.28703
Belgium,2015,6.937,19,0.5845,0.2225,1.30782,0.89667,0.2254
United Arab Emirates,2015,6.901,20,0.64157,0.26428,1.42727,0.80925,0.38583
United Kingdom,2015,6.867,21,0.59625,0.51912,1.26637,0.90943,0.32067
Venezuela,2015,6.81,23,0.42908,0.05841,1.04424,0.72052,0.11069
Singapore,2015,6.798,24,0.54252,0.31105,1.52186,1.02525,0.4921
Panama,2015,6.786,25,0.5421,0.24434,1.06353,0.79661,0.0927
Germany,2015,6.75,26,0.61477,0.28214,1.32792,0.89186,0.21843
Chile,2015,6.67,27,0.44132,0.33363,1.10715,0.85857,0.12869
Qatar,2015,6.611,28,0.6404,0.32573,1.69042,0.79733,0.52208
France,2015,6.575,29,0.55011,0.12332,1.27778,0.94579,0.20646
Argentina,2015,6.574,30,0.44974,0.11451,1.05351,0.78723,0.08484
Czech Republic,2015,6.505,31,0.46364,0.10686,1.17898,0.84483,0.02652
Uruguay,2015,6.485,32,0.60362,0.2324,1.06166,0.8116,0.24558
Colombia,2015,6.477,33,0.53466,0.18401,0.91861,0.69077,0.0512
Thailand,2015,6.455,34,0.55664,0.5763,0.9669,0.7385,0.03187
Saudi Arabia,2015,6.411,35,0.31048,0.13706,1.39541,0.72025,0.32524
Spain,2015,6.329,36,0.45951,0.18227,1.23011,0.95562,0.06398
Malta,2015,6.302,37,0.60365,0.51752,1.2074,0.88721,0.13586
Taiwan,2015,6.298,38,0.3974,0.25376,1.29098,0.8753,0.08129
Kuwait,2015,6.295,39,0.55499,0.16228,1.55422,0.72492,0.25609
Trinidad and Tobago,2015,6.168,41,0.55884,0.31844,1.21183,0.61483,0.0114
El Salvador,2015,6.13,42,0.4035,0.10692,0.76454,0.67737,0.11776
Guatemala,2015,6.123,43,0.57733,0.27489,0.74553,0.64425,0.09472
Uzbekistan,2015,6.003,44,0.65821,0.22837,0.63244,0.59772,0.30826
Slovakia,2015,5.995,45,0.31751,0.16893,1.16891,0.78902,0.03431
Japan,2015,5.987,46,0.49615,0.10705,1.27074,0.99111,0.1806
South Korea,2015,5.984,47,0.33208,0.18557,1.24461,0.96538,0.07857
Ecuador,2015,5.975,48,0.48574,0.11541,0.86402,0.79075,0.1809
Bahrain,2015,5.96,49,0.45492,0.17362,1.32376,0.74716,0.306
Italy,2015,5.948,50,0.26236,0.22823,1.25114,0.95446,0.02901
Bolivia,2015,5.89,51,0.57414,0.20536,0.68133,0.5392,0.088
Moldova,2015,5.889,52,0.32818,0.20951,0.59448,0.61826,0.01615
Paraguay,2015,5.878,53,0.53899,0.3424,0.75985,0.66098,0.08242
Kazakhstan,2015,5.855,54,0.51649,0.11827,1.12254,0.64368,0.08454
Slovenia,2015,5.848,55,0.60855,0.25328,1.18498,0.87337,0.03787
Lithuania,2015,5.833,56,0.21342,0.02641,1.14723,0.73128,0.01031
Nicaragua,2015,5.828,57,0.55475,0.27815,0.59325,0.74314,0.19317
Peru,2015,5.824,58,0.41496,0.14982,0.90019,0.73017,0.05989
Belarus,2015,5.813,59,0.37938,0.11046,1.03192,0.73608,0.1909
Poland,2015,5.791,60,0.53122,0.16759,1.12555,0.77903,0.04212
Malaysia,2015,5.77,61,0.53024,0.33075,1.12486,0.72394,0.10501
Croatia,2015,5.759,62,0.25883,0.05444,1.08254,0.78805,0.0243
Libya,2015,5.754,63,0.41668,0.18295,1.13145,0.7038,0.11023
Russia,2015,5.716,64,0.36679,0.00199,1.13764,0.66926,0.03005
Jamaica,2015,5.709,65,0.50442,0.2123,0.81038,0.68741,0.02299
Northern Cyprus,2015,5.695,66,0.49027,0.26169,1.20806,0.92356,0.1428
Cyprus,2015,5.689,67,0.40672,0.30638,1.20813,0.92356,0.06146
Algeria,2015,5.605,68,0.28579,0.07822,0.93929,0.61766,0.17383
Kosovo,2015,5.589,69,0.24749,0.2831,0.80148,0.63132,0.04741
Turkmenistan,2015,5.548,70,0.4761,0.16979,0.95847,0.53886,0.30844
Mauritius,2015,5.477,71,0.56066,0.37744,1.00761,0.7095,0.07521
Hong Kong,2015,5.474,72,0.59608,0.39478,1.38604,1.01328,0.37124
Estonia,2015,5.429,73,0.44888,0.0868,1.15174,0.77361,0.15184
Indonesia,2015,5.399,74,0.46611,0.51535,0.82827,0.63793,0.0
Vietnam,2015,5.36,75,0.59444,0.1686,0.63216,0.74676,0.10441
Turkey,2015,5.332,76,0.22815,0.12253,1.06098,0.73172,0.15746
Kyrgyzstan,2015,5.286,77,0.43477,0.3003,0.47428,0.65088,0.04232
Nigeria,2015,5.268,78,0.34334,0.27233,0.65435,0.16007,0.0403
Bhutan,2015,5.253,79,0.53206,0.47998,0.77042,0.57407,0.15445
Azerbaijan,2015,5.212,80,0.3703,0.07799,1.02389,0.64045,0.16065
Pakistan,2015,5.194,81,0.12102,0.33671,0.59543,0.51466,0.10464
Jordan,2015,5.192,82,0.40661,0.11053,0.90198,0.69639,0.14293
Montenegro,2015,5.192,82,0.1826,0.1614,0.97438,0.72521,0.14296
China,2015,5.14,84,0.51697,0.08185,0.89012,0.81658,0.02781
Zambia,2015,5.129,85,0.48827,0.19591,0.47038,0.29924,0.12468
Romania,2015,5.124,86,0.35068,0.13748,1.04345,0.7689,0.00649
Serbia,2015,5.123,87,0.20107,0.19231,0.92053,0.74836,0.02617
Portugal,2015,5.102,88,0.51469,0.13719,1.15991,0.87519,0.01078
Latvia,2015,5.098,89,0.29671,0.18226,1.11312,0.72437,0.06332
Philippines,2015,5.073,90,0.62545,0.24991,0.70532,0.58114,0.12279
Morocco,2015,5.013,92,0.41691,0.07172,0.73479,0.60954,0.08546
North Macedonia,2015,5.007,93,0.33457,0.22359,0.91851,0.73545,0.05327
Albania,2015,4.959,95,0.35733,0.14272,0.87867,0.81325,0.06413
Bosnia and Herzegovina,2015,4.949,96,0.09245,0.24808,0.83223,0.79081,0.00227
Dominican Republic,2015,4.885,98,0.57672,0.21684,0.89537,0.66825,0.14234
Mongolia,2015,4.874,100,0.43626,0.3323,0.82819,0.60268,0.02666
Greece,2015,4.857,102,0.07699,0.0,1.15406,0.88213,0.01397
Lebanon,2015,4.839,103,0.33916,0.21854,1.02564,0.83947,0.04582
Hungary,2015,4.8,104,0.32112,0.128,1.12094,0.75905,0.02758
Honduras,2015,4.788,105,0.40148,0.23027,0.59532,0.6951,0.06825
Tajikistan,2015,4.786,106,0.47216,0.22974,0.39047,0.57379,0.15072
Tunisia,2015,4.739,107,0.26268,0.06431,0.88113,0.73793,0.06358
Palestinian Territories,2015,4.715,108,0.24499,0.11251,0.59867,0.66015,0.12905
Bangladesh,2015,4.694,109,0.4082,0.21222,0.39753,0.60164,0.12569
Iran,2015,4.686,110,0.30033,0.38086,1.0088,0.69805,0.05863
Ukraine,2015,4.681,111,0.25123,0.15275,0.79907,0.6739,0.02961
Iraq,2015,4.677,112,0.0,0.17922,0.98549,0.60237,0.13788
South Africa,2015,4.642,113,0.33207,0.11973,0.92049,0.27688,0.08884
Ghana,2015,4.633,114,0.42342,0.23087,0.54558,0.40132,0.04355
Zimbabwe,2015,4.61,115,0.25861,0.18987,0.271,0.33475,0.08079
Liberia,2015,4.571,116,0.28531,0.24362,0.0712,0.34201,0.06232
India,2015,4.565,117,0.39786,0.26475,0.64499,0.51529,0.08492
Haiti,2015,4.518,119,0.24425,0.46187,0.26673,0.38847,0.17175
Congo (Kinshasa),2015,4.517,120,0.22605,0.24834,0.0,0.09806,0.07625
Nepal,2015,4.514,121,0.38282,0.32296,0.35997,0.56874,0.05907
Ethiopia,2015,4.512,122,0.4345,0.24325,0.19073,0.44055,0.15048
Sierra Leone,2015,4.507,123,0.4084,0.21488,0.33024,0.0,0.08786
Mauritania,2015,4.436,124,0.24232,0.219,0.45407,0.35874,0.17461
Kenya,2015,4.419,125,0.42215,0.37542,0.36471,0.41435,0.05839
Armenia,2015,4.35,127,0.19847,0.07855,0.76821,0.7299,0.039
Botswana,2015,4.332,128,0.49495,0.10461,0.99355,0.04776,0.12474
Myanmar,2015,4.307,129,0.44017,0.79588,0.27108,0.48246,0.19034
Georgia,2015,4.297,130,0.40577,0.05547,0.7419,0.72926,0.38331
Malawi,2015,4.292,131,0.43054,0.33128,0.01604,0.22562,0.06977
Sri Lanka,2015,4.271,132,0.53726,0.40828,0.83524,0.70806,0.09179
Cameroon,2015,4.252,133,0.49309,0.20618,0.4225,0.23402,0.05786
Bulgaria,2015,4.218,134,0.30587,0.11921,1.01216,0.76649,0.00872
Egypt,2015,4.194,135,0.17288,0.11291,0.8818,0.61712,0.06324
Yemen,2015,4.077,136,0.35571,0.09131,0.54649,0.40064,0.07854
Mali,2015,3.995,138,0.38857,0.18798,0.26074,0.20583,0.12352
Congo (Brazzaville),2015,3.989,139,0.41466,0.12388,0.67866,0.31051,0.11686
Uganda,2015,3.931,141,0.45727,0.29066,0.21102,0.33861,0.07267
Senegal,2015,3.904,142,0.36772,0.20843,0.36498,0.4354,0.10713
Gabon,2015,3.896,143,0.31914,0.06822,1.06024,0.43372,0.11091
Niger,2015,3.845,144,0.47692,0.19387,0.0694,0.29707,0.15639
Cambodia,2015,3.819,145,0.66246,0.40359,0.46038,0.61114,0.07247
Tanzania,2015,3.781,146,0.32878,0.34377,0.2852,0.38215,0.05747
Madagascar,2015,3.681,147,0.19184,0.21333,0.20824,0.46721,0.08124
Chad,2015,3.667,149,0.23501,0.18386,0.34193,0.1501,0.05269
Guinea,2015,3.656,150,0.37725,0.28657,0.17417,0.24009,0.12139
Ivory Coast,2015,3.655,151,0.46866,0.20165,0.46534,0.15185,0.17922
Burkina Faso,2015,3.587,152,0.39493,0.21747,0.25812,0.27125,0.12832
Afghanistan,2015,3.575,153,0.23414,0.3651,0.31982,0.30335,0.09719
Rwanda,2015,3.465,154,0.59201,0.22628,0.22208,0.42864,0.55191
Benin,2015,3.34,155,0.4845,0.1826,0.28665,0.3191,0.0801
Syria,2015,3.006,156,0.15684,0.47179,0.6632,0.72193,0.18906
Burundi,2015,2.905,157,0.1185,0.19727,0.0153,0.22396,0.10062
Togo,2015,2.839,158,0.36453,0.16681,0.20868,0.28443,0.10731
Denmark,2016,7.526,1,0.57941,0.36171,1.44178,0.79504,0.44453
Switzerland,2016,7.509,2,0.58557,0.28083,1.52733,0.86303,0.41203
Iceland,2016,7.501,3,0.56624,0.47678,1.42666,0.86733,0.14975
Norway,2016,7.498,4,0.59609,0.37895,1.57744,0.79579,0.35776
Finland,2016,7.413,5,0.57104,0.25492,1.40598,0.81091,0.41004
Canada,2016,7.404,6,0.5737,0.44834,1.44015,0.8276,0.31329
Netherlands,2016,7.339,7,0.55211,0.47416,1.46468,0.81231,0.29927
New Zealand,2016,7.334,8,0.58147,0.49401,1.36066,0.83096,0.41904
Australia,2016,7.313,9,0.56837,0.47407,1.44443,0.8512,0.32331
Sweden,2016,7.291,10,0.58218,0.38254,1.45181,0.83121,0.40867
Israel,2016,7.267,11,0.36432,0.32288,1.33766,0.84917,0.08728
Austria,2016,7.119,12,0.54355,0.32865,1.45038,0.80565,0.21348
United States,2016,7.104,13,0.48163,0.41077,1.50796,0.779,0.14868
Costa Rica,2016,7.087,14,0.55225,0.22553,1.06879,0.76146,0.10547
Germany,2016,6.994,16,0.53466,0.30452,1.44787,0.81487,0.28551
Brazil,2016,6.952,17,0.40425,0.15776,1.08754,0.61415,0.14166
Belgium,2016,6.929,18,0.51354,0.2424,1.42539,0.81959,0.26248
Ireland,2016,6.907,19,0.54008,0.44963,1.48341,0.81455,0.29754
Luxembourg,2016,6.871,20,0.5487,0.27571,1.69752,0.84542,0.35329
Mexico,2016,6.778,21,0.37709,0.11735,1.11508,0.71143,0.18355
Singapore,2016,6.739,22,0.4877,0.32706,1.64555,0.94719,0.46987
United Kingdom,2016,6.725,23,0.50036,0.50156,1.40283,0.80991,0.27399
Chile,2016,6.705,24,0.37789,0.31595,1.2167,0.81883,0.11451
Panama,2016,6.701,25,0.48927,0.2418,1.18306,0.70835,0.08423
Argentina,2016,6.65,26,0.42284,0.10989,1.15137,0.69711,0.07296
Czech Republic,2016,6.596,27,0.41418,0.09929,1.30915,0.76376,0.03986
United Arab Emirates,2016,6.573,28,0.56215,0.26591,1.57352,0.72993,0.35561
Uruguay,2016,6.545,29,0.54388,0.18056,1.18157,0.72183,0.21394
Malta,2016,6.488,30,0.54994,0.56237,1.30782,0.80315,0.17554
Colombia,2016,6.481,31,0.44735,0.15626,1.03032,0.59659,0.05399
France,2016,6.478,32,0.46562,0.1216,1.39488,0.83795,0.17808
Thailand,2016,6.474,33,0.49553,0.58696,1.0893,0.64915,0.02833
Saudi Arabia,2016,6.379,34,0.37904,0.15457,1.48953,0.59267,0.30008
Taiwan,2016,6.379,34,0.32377,0.25495,1.39729,0.79565,0.0663
Qatar,2016,6.375,36,0.56679,0.32388,1.82427,0.71723,0.48049
Spain,2016,6.361,37,0.37545,0.17665,1.34253,0.87896,0.06137
Algeria,2016,6.355,38,0.21006,0.07044,1.05266,0.61804,0.16157
Guatemala,2016,6.324,39,0.50379,0.28808,0.83454,0.54039,0.08701
Kuwait,2016,6.239,41,0.43166,0.15965,1.61714,0.63569,0.23669
Bahrain,2016,6.218,42,0.47375,0.17147,1.44024,0.65696,0.25772
Trinidad and Tobago,2016,6.168,43,0.48453,0.31935,1.32572,0.52608,0.01241
Venezuela,2016,6.084,44,0.19847,0.0425,1.13367,0.61904,0.08304
Slovakia,2016,6.078,45,0.23391,0.13837,1.27973,0.70367,0.02947
El Salvador,2016,6.068,46,0.37269,0.08877,0.8737,0.596,0.10613
Malaysia,2016,6.005,47,0.39031,0.41474,1.25142,0.62366,0.09081
Nicaragua,2016,5.992,48,0.46582,0.29773,0.69384,0.65213,0.16292
Uzbekistan,2016,5.987,49,0.60848,0.34326,0.73591,0.50163,0.28333
Italy,2016,5.977,50,0.18827,0.16684,1.35495,0.85102,0.02556
Ecuador,2016,5.976,51,0.4027,0.10074,0.97306,0.68613,0.18037
Japan,2016,5.921,53,0.46761,0.10224,1.38007,0.91491,0.18985
Kazakhstan,2016,5.919,54,0.4052,0.15011,1.22943,0.57386,0.11132
Moldova,2016,5.897,55,0.25202,0.19997,0.69177,0.52309,0.01903
Russia,2016,5.856,56,0.32682,0.02736,1.23228,0.58991,0.03586
Poland,2016,5.835,57,0.4519,0.14443,1.24585,0.69058,0.055
South Korea,2016,5.835,57,0.25168,0.18824,1.35948,0.88645,0.07716
Bolivia,2016,5.822,59,0.50961,0.21698,0.79422,0.4697,0.07746
Lithuania,2016,5.813,60,0.18929,0.02025,1.2692,0.64674,0.0182
Belarus,2016,5.802,61,0.29091,0.13942,1.13062,0.63104,0.17457
Northern Cyprus,2016,5.771,62,0.43596,0.26322,1.31141,0.84142,0.16578
Slovenia,2016,5.768,63,0.53164,0.25738,1.29947,0.79151,0.03635
Peru,2016,5.743,64,0.37502,0.14527,0.99602,0.62994,0.05292
Turkmenistan,2016,5.658,65,0.37408,0.22567,1.08017,0.44006,0.28467
Mauritius,2016,5.648,66,0.46145,0.36951,1.14372,0.66189,0.05203
Libya,2016,5.615,67,0.40672,0.17087,1.06688,0.52304,0.10339
Latvia,2016,5.56,68,0.27996,0.17445,1.21788,0.63952,0.0889
Cyprus,2016,5.546,69,0.29507,0.27906,1.31857,0.8488,0.05228
Paraguay,2016,5.538,70,0.46235,0.25296,0.89373,0.58295,0.07396
Romania,2016,5.528,71,0.36712,0.12889,1.1697,0.67602,0.00679
Estonia,2016,5.517,72,0.41511,0.08423,1.27964,0.68098,0.18519
Jamaica,2016,5.51,73,0.43597,0.22245,0.89333,0.59469,0.04294
Croatia,2016,5.488,74,0.23907,0.18434,1.18649,0.70524,0.04002
Hong Kong,2016,5.458,75,0.48079,0.40097,1.5107,0.95277,0.31647
Kosovo,2016,5.401,77,0.14396,0.27992,0.90145,0.54,0.06547
Turkey,2016,5.389,78,0.23889,0.04707,1.16492,0.64718,0.12348
Indonesia,2016,5.314,79,0.39237,0.56521,0.95104,0.49374,0.00322
Jordan,2016,5.303,80,0.36023,0.14262,0.99673,0.60712,0.13297
Azerbaijan,2016,5.291,81,0.35327,0.0564,1.12373,0.54504,0.17914
Philippines,2016,5.279,82,0.54854,0.21674,0.81217,0.47036,0.11757
China,2016,5.245,83,0.44012,0.04959,1.0278,0.73561,0.02745
Bhutan,2016,5.196,84,0.46074,0.48546,0.8527,0.49759,0.1616
Kyrgyzstan,2016,5.185,85,0.40212,0.38432,0.56044,0.55449,0.04762
Serbia,2016,5.177,86,0.15718,0.20737,1.03437,0.6458,0.04339
Bosnia and Herzegovina,2016,5.163,87,0.09511,0.29889,0.93383,0.70766,0.0
Montenegro,2016,5.161,88,0.15111,0.17191,1.07838,0.63533,0.12721
Dominican Republic,2016,5.155,89,0.52259,0.21286,1.02787,0.57669,0.12372
Morocco,2016,5.151,90,0.25646,0.04053,0.84058,0.59471,0.08404
Hungary,2016,5.145,91,0.1977,0.099,1.24142,0.67608,0.04472
Pakistan,2016,5.132,92,0.14622,0.31185,0.68816,0.40306,0.1388
Lebanon,2016,5.129,93,0.26228,0.23693,1.12268,0.76171,0.03061
Portugal,2016,5.123,94,0.44727,0.11691,1.27607,0.79363,0.01521
North Macedonia,2016,5.121,95,0.27668,0.23507,1.0193,0.64738,0.07047
Vietnam,2016,5.061,96,0.55954,0.25075,0.74037,0.66157,0.11556
Tunisia,2016,5.045,98,0.23553,0.03936,0.97724,0.59577,0.0817
Greece,2016,5.033,99,0.05822,0.0,1.24886,0.80029,0.04127
Tajikistan,2016,4.996,100,0.43408,0.25998,0.48835,0.53119,0.13509
Mongolia,2016,4.907,101,0.35972,0.34539,0.98853,0.55469,0.03285
Nigeria,2016,4.875,103,0.27854,0.23219,0.75216,0.05108,0.0305
Honduras,2016,4.871,104,0.26755,0.2044,0.69429,0.58383,0.06906
Iran,2016,4.813,105,0.22544,0.38538,1.11758,0.64232,0.0557
Zambia,2016,4.795,106,0.42662,0.17866,0.61202,0.23573,0.11479
Nepal,2016,4.793,107,0.37012,0.3816,0.44626,0.50073,0.07008
Palestinian Territories,2016,4.754,108,0.17744,0.11154,0.67024,0.56844,0.10613
Albania,2016,4.655,109,0.31866,0.1684,0.9553,0.73007,0.05301
Bangladesh,2016,4.643,110,0.39778,0.19132,0.54177,0.52989,0.12583
Sierra Leone,2016,4.635,111,0.30685,0.23897,0.36485,0.0,0.08196
Iraq,2016,4.575,112,0.24856,0.19589,1.07474,0.51076,0.13636
Cameroon,2016,4.513,114,0.42736,0.2268,0.52497,0.12698,0.06126
Ethiopia,2016,4.508,115,0.36703,0.29522,0.29283,0.34578,0.1717
South Africa,2016,4.459,116,0.42483,0.13656,1.02416,0.18611,0.08415
Sri Lanka,2016,4.415,117,0.50817,0.46978,0.97318,0.62007,0.07964
India,2016,4.404,118,0.40285,0.25028,0.74036,0.45091,0.08722
Myanmar,2016,4.395,119,0.42692,0.81971,0.34112,0.3988,0.20243
Egypt,2016,4.362,120,0.18847,0.12706,0.95395,0.52116,0.10393
Armenia,2016,4.36,121,0.14037,0.07793,0.86086,0.64083,0.03616
Kenya,2016,4.356,122,0.40576,0.41328,0.52267,0.30147,0.06686
Ukraine,2016,4.324,123,0.12859,0.20363,0.87287,0.58628,0.01829
Ghana,2016,4.276,124,0.40973,0.21203,0.63107,0.29681,0.0326
Congo (Kinshasa),2016,4.272,125,0.15602,0.25458,0.05661,0.188,0.06075
Georgia,2016,4.252,126,0.32461,0.06786,0.83792,0.64035,0.3188
Congo (Brazzaville),2016,4.236,127,0.37938,0.12077,0.77109,0.28212,0.09753
Senegal,2016,4.219,128,0.31056,0.19103,0.44314,0.40457,0.11681
Bulgaria,2016,4.217,129,0.21219,0.12793,1.11306,0.67806,0.00615
Mauritania,2016,4.201,130,0.1268,0.22686,0.61391,0.28639,0.17955
Zimbabwe,2016,4.193,131,0.25429,0.18503,0.35041,0.1595,0.08582
Malawi,2016,4.156,132,0.4143,0.30968,0.08709,0.29364,0.07564
Gabon,2016,4.121,134,0.28098,0.06244,1.15851,0.3494,0.09314
Mali,2016,4.073,135,0.27544,0.21064,0.31292,0.16347,0.13647
Haiti,2016,4.028,136,0.12072,0.47958,0.34097,0.27494,0.14476
Botswana,2016,3.974,137,0.44089,0.12425,1.09426,0.34752,0.10769
Ivory Coast,2016,3.916,139,0.40663,0.20338,0.55507,0.04476,0.1553
Cambodia,2016,3.907,140,0.58852,0.40339,0.55604,0.42494,0.08092
Niger,2016,3.856,142,0.38041,0.2097,0.1327,0.26162,0.17176
Chad,2016,3.763,144,0.12807,0.18667,0.42214,0.03824,0.04952
Burkina Faso,2016,3.739,145,0.3337,0.24353,0.31995,0.21297,0.12533
Uganda,2016,3.739,145,0.43653,0.27102,0.34719,0.19625,0.06442
Yemen,2016,3.724,147,0.2287,0.09821,0.57939,0.31048,0.05892
Madagascar,2016,3.695,148,0.13684,0.2204,0.27954,0.37109,0.07506
Tanzania,2016,3.666,149,0.3176,0.31472,0.47155,0.357,0.05099
Liberia,2016,3.622,150,0.25748,0.24063,0.10706,0.23165,0.04852
Guinea,2016,3.607,151,0.30953,0.29914,0.22415,0.18829,0.1192
Rwanda,2016,3.515,152,0.5432,0.23552,0.32846,0.31865,0.50521
Benin,2016,3.484,153,0.39747,0.2018,0.39499,0.21028,0.06681
Afghanistan,2016,3.36,154,0.1643,0.31268,0.38227,0.17344,0.07112
Togo,2016,3.303,155,0.34678,0.17517,0.28123,0.24811,0.11587
Syria,2016,3.069,156,0.06912,0.48397,0.74719,0.62994,0.17233
Burundi,2016,2.905,157,0.0432,0.2029,0.06831,0.15747,0.09419
Norway,2017,7.537,1,0.635423,0.362012,1.616463,0.796667,0.315964
Denmark,2017,7.522,2,0.626007,0.35528,1.482383,0.792566,0.40077
Iceland,2017,7.504,3,0.627163,0.47554,1.480633,0.833552,0.153527
Switzerland,2017,7.494,4,0.620071,0.290549,1.56498,0.858131,0.367007
Finland,2017,7.469,5,0.617951,0.245483,1.443572,0.809158,0.382612
Netherlands,2017,7.377,6,0.585384,0.47049,1.503945,0.810696,0.282662
Canada,2017,7.316,7,0.611101,0.43554,1.479204,0.834558,0.287372
New Zealand,2017,7.314,8,0.614062,0.500005,1.405706,0.81676,0.382817
Sweden,2017,7.284,9,0.612924,0.385399,1.494387,0.830875,0.384399
Australia,2017,7.284,10,0.601607,0.477699,1.484415,0.843887,0.301184
Israel,2017,7.213,11,0.405989,0.330083,1.375382,0.838404,0.085242
Costa Rica,2017,7.079,12,0.580132,0.214613,1.109706,0.759509,0.100107
Austria,2017,7.006,13,0.567766,0.316472,1.487097,0.815328,0.22106
United States,2017,6.993,14,0.505741,0.392579,1.546259,0.774287,0.135639
Ireland,2017,6.977,15,0.57311,0.427858,1.535707,0.809783,0.298388
Germany,2017,6.951,16,0.562511,0.336269,1.487923,0.798951,0.276732
Belgium,2017,6.891,17,0.539771,0.231503,1.463781,0.818092,0.251343
Luxembourg,2017,6.863,18,0.596628,0.283181,1.741944,0.845089,0.318834
United Kingdom,2017,6.714,19,0.50819,0.492774,1.441634,0.805336,0.265428
Chile,2017,6.652,20,0.376895,0.326662,1.252785,0.81948,0.082288
United Arab Emirates,2017,6.648,21,0.608345,0.360942,1.626343,0.726798,0.32449
Brazil,2017,6.635,22,0.437454,0.16235,1.107353,0.616552,0.111093
Czech Republic,2017,6.609,23,0.490946,0.088107,1.352682,0.754444,0.036873
Argentina,2017,6.599,24,0.494519,0.109457,1.185295,0.695137,0.05974
Mexico,2017,6.578,25,0.41273,0.12099,1.153184,0.709979,0.132774
Singapore,2017,6.572,26,0.549841,0.345966,1.692278,0.949492,0.464308
Malta,2017,6.527,27,0.588767,0.574731,1.34328,0.821944,0.153066
Uruguay,2017,6.454,28,0.579392,0.175097,1.21756,0.719217,0.178062
Guatemala,2017,6.454,29,0.531311,0.283488,0.872002,0.54024,0.077223
Panama,2017,6.452,30,0.550027,0.210557,1.233748,0.706156,0.070984
France,2017,6.442,31,0.470222,0.129762,1.430923,0.844466,0.172502
Thailand,2017,6.424,32,0.580201,0.572123,1.127869,0.647239,0.031613
Taiwan,2017,6.422,33,0.361467,0.25836,1.433627,0.793984,0.063829
Spain,2017,6.403,34,0.408781,0.190134,1.384398,0.888961,0.070914
Qatar,2017,6.375,35,0.604131,0.330474,1.870766,0.710098,0.439299
Colombia,2017,6.357,36,0.477487,0.149014,1.070622,0.595028,0.046669
Saudi Arabia,2017,6.344,37,0.449751,0.147616,1.530624,0.590148,0.273432
Trinidad and Tobago,2017,6.168,38,0.518631,0.325296,1.361356,0.519983,0.008965
Kuwait,2017,6.105,39,0.496338,0.22829,1.632952,0.632106,0.21516
Slovakia,2017,6.098,40,0.295817,0.136544,1.325394,0.712733,0.024211
Bahrain,2017,6.087,41,0.536747,0.172668,1.488412,0.653133,0.257042
Malaysia,2017,6.084,42,0.402265,0.416609,1.291215,0.618784,0.065601
Nicaragua,2017,6.071,43,0.447552,0.301674,0.737299,0.653096,0.130688
Ecuador,2017,6.008,44,0.455198,0.150112,1.00082,0.685636,0.140135
El Salvador,2017,6.003,45,0.432453,0.078258,0.909784,0.596019,0.089981
Poland,2017,5.973,46,0.520342,0.158466,1.291788,0.699475,0.059308
Uzbekistan,2017,5.971,47,0.658249,0.415984,0.786441,0.498273,0.246528
Italy,2017,5.964,48,0.256451,0.17279,1.395067,0.853144,0.028028
Russia,2017,5.963,49,0.373783,0.052264,1.281778,0.547349,0.032963
Japan,2017,5.92,51,0.505626,0.120573,1.416915,0.913476,0.163761
Lithuania,2017,5.902,52,0.234232,0.010165,1.314582,0.62895,0.011866
Algeria,2017,5.872,53,0.233336,0.069437,1.091864,0.617585,0.146096
Latvia,2017,5.85,54,0.325708,0.153075,1.260749,0.638567,0.073843
South Korea,2017,5.838,55,0.257922,0.206674,1.401678,0.900214,0.063283
Moldova,2017,5.838,56,0.240729,0.208779,0.728871,0.589465,0.010091
Romania,2017,5.825,57,0.457004,0.13352,1.217684,0.685158,0.004388
Bolivia,2017,5.823,58,0.558733,0.225561,0.833757,0.47363,0.060478
Turkmenistan,2017,5.822,59,0.418272,0.249925,1.130777,0.437726,0.25927
Kazakhstan,2017,5.819,60,0.437454,0.201964,1.284556,0.606042,0.119283
Northern Cyprus,2017,5.81,61,0.471204,0.266846,1.346911,0.834647,0.155353
Slovenia,2017,5.758,62,0.572576,0.242649,1.341206,0.790828,0.045129
Peru,2017,5.715,63,0.450003,0.12682,1.035225,0.630166,0.047049
Mauritius,2017,5.629,64,0.491247,0.360934,1.189396,0.638007,0.042182
Cyprus,2017,5.621,65,0.355112,0.271254,1.355938,0.844715,0.041238
Estonia,2017,5.611,66,0.479131,0.098891,1.320879,0.695168,0.183249
Belarus,2017,5.569,67,0.2954,0.155138,1.156558,0.637714,0.156314
Libya,2017,5.525,68,0.465733,0.152074,1.101803,0.520169,0.09261
Turkey,2017,5.5,69,0.300741,0.046693,1.198274,0.637606,0.099672
Paraguay,2017,5.493,70,0.473508,0.224151,0.932537,0.579251,0.091066
Hong Kong,2017,5.472,71,0.490969,0.374466,1.551675,0.943062,0.293934
Philippines,2017,5.43,72,0.585215,0.193513,0.857699,0.468009,0.099332
Serbia,2017,5.395,73,0.208716,0.220126,1.069318,0.650785,0.040904
Jordan,2017,5.336,74,0.418421,0.17217,0.991012,0.60459,0.119803
Hungary,2017,5.324,75,0.175864,0.078402,1.286012,0.687763,0.036637
Jamaica,2017,5.311,76,0.474307,0.233818,0.925579,0.641022,0.055268
Croatia,2017,5.293,77,0.255772,0.248003,1.222556,0.701289,0.043103
Kosovo,2017,5.279,78,0.260288,0.319931,0.951484,0.541452,0.057472
China,2017,5.273,79,0.472788,0.028807,1.081166,0.741416,0.022794
Pakistan,2017,5.269,80,0.235215,0.315446,0.726884,0.402048,0.124348
Indonesia,2017,5.262,81,0.443323,0.611705,0.995539,0.492346,0.015317
Venezuela,2017,5.25,82,0.153997,0.06502,1.128431,0.617144,0.064491
Montenegro,2017,5.237,83,0.194989,0.197911,1.121129,0.667465,0.088174
Morocco,2017,5.235,84,0.408158,0.03221,0.878115,0.597711,0.087763
Azerbaijan,2017,5.234,85,0.398156,0.045269,1.153602,0.540776,0.180988
Dominican Republic,2017,5.23,86,0.55259,0.186968,1.079374,0.574874,0.113945
Greece,2017,5.227,87,0.095731,0.0,1.289487,0.810199,0.04329
Lebanon,2017,5.225,88,0.288516,0.264451,1.074988,0.735081,0.037514
Portugal,2017,5.195,89,0.498465,0.095103,1.315175,0.795844,0.015869
Bosnia and Herzegovina,2017,5.182,90,0.204403,0.328867,0.982409,0.705186,0.0
Honduras,2017,5.181,91,0.34808,0.236189,0.730573,0.582569,0.073345
North Macedonia,2017,5.175,92,0.325906,0.253761,1.064578,0.644948,0.060278
Vietnam,2017,5.074,94,0.571056,0.234968,0.788548,0.652169,0.087633
Nigeria,2017,5.074,95,0.394953,0.230947,0.783756,0.056916,0.026122
Tajikistan,2017,5.041,96,0.471567,0.248998,0.524714,0.529235,0.146377
Bhutan,2017,5.011,97,0.501538,0.474055,0.885416,0.495879,0.17338
Kyrgyzstan,2017,5.004,98,0.454943,0.42858,0.59622,0.553458,0.039439
Nepal,2017,4.962,99,0.440306,0.394096,0.47982,0.504131,0.072976
Mongolia,2017,4.955,100,0.394144,0.338464,1.027236,0.557783,0.032902
South Africa,2017,4.829,101,0.479247,0.139362,1.054699,0.18708,0.072509
Tunisia,2017,4.805,102,0.289681,0.049693,1.007266,0.613212,0.086723
Palestinian Territories,2017,4.775,103,0.254711,0.114173,0.716249,0.565667,0.089283
Egypt,2017,4.735,104,0.28211,0.128631,0.989702,0.520187,0.114381
Bulgaria,2017,4.714,105,0.289232,0.113178,1.161459,0.708218,0.011052
Sierra Leone,2017,4.709,106,0.318698,0.293041,0.368421,0.005565,0.071095
Cameroon,2017,4.695,107,0.430389,0.236298,0.564305,0.132892,0.051307
Iran,2017,4.692,108,0.249323,0.387243,1.156873,0.639333,0.048761
Albania,2017,4.644,109,0.381499,0.201313,0.996193,0.73116,0.039864
Bangladesh,2017,4.608,110,0.478357,0.172255,0.586683,0.533241,0.123718
Kenya,2017,4.553,112,0.452764,0.44486,0.560479,0.309988,0.064641
Myanmar,2017,4.545,114,0.514492,0.838075,0.367111,0.397523,0.188816
Senegal,2017,4.535,115,0.377922,0.183469,0.479309,0.409363,0.11546
Zambia,2017,4.514,116,0.461603,0.24958,0.636407,0.257836,0.078214
Iraq,2017,4.497,117,0.288556,0.199637,1.10271,0.50118,0.107216
Gabon,2017,4.465,118,0.312329,0.043785,1.19821,0.356579,0.076047
Ethiopia,2017,4.46,119,0.408843,0.312651,0.339234,0.35341,0.165456
Sri Lanka,2017,4.44,120,0.561213,0.490864,1.00985,0.625131,0.073654
Armenia,2017,4.376,121,0.198303,0.083488,0.900597,0.637524,0.026674
India,2017,4.315,122,0.469987,0.231538,0.792221,0.455428,0.092227
Mauritania,2017,4.292,123,0.096098,0.20187,0.648457,0.285349,0.136957
Congo (Brazzaville),2017,4.291,124,0.435026,0.120852,0.808964,0.289957,0.079618
Georgia,2017,4.286,125,0.30941,0.054009,0.950613,0.649547,0.251667
Congo (Kinshasa),2017,4.28,126,0.235961,0.246456,0.092102,0.191407,0.060241
Mali,2017,4.19,127,0.306614,0.183354,0.47618,0.169366,0.10497
Ivory Coast,2017,4.18,128,0.447706,0.201237,0.603049,0.048642,0.130062
Cambodia,2017,4.168,129,0.633376,0.385923,0.601765,0.429783,0.068106
Ghana,2017,4.12,131,0.423026,0.256924,0.667225,0.295638,0.025336
Ukraine,2017,4.096,132,0.122975,0.270061,0.894652,0.575904,0.023029
Uganda,2017,4.081,133,0.443186,0.325766,0.381431,0.217633,0.05707
Burkina Faso,2017,4.032,134,0.324368,0.250865,0.350228,0.215844,0.120328
Niger,2017,4.028,135,0.363659,0.228674,0.161925,0.268505,0.138573
Malawi,2017,3.97,136,0.466915,0.28717,0.233442,0.31509,0.072712
Chad,2017,3.936,137,0.162342,0.216114,0.438013,0.041135,0.053582
Zimbabwe,2017,3.875,138,0.336384,0.189143,0.375847,0.196764,0.095375
Afghanistan,2017,3.794,141,0.10618,0.311871,0.401477,0.180747,0.061158
Botswana,2017,3.766,142,0.505196,0.099348,1.122094,0.341756,0.098583
Benin,2017,3.657,143,0.425963,0.207948,0.431085,0.20993,0.060929
Madagascar,2017,3.644,144,0.189197,0.208733,0.305809,0.375223,0.067232
Haiti,2017,3.603,145,0.03037,0.489204,0.36861,0.277321,0.099872
Yemen,2017,3.593,146,0.249464,0.104125,0.591683,0.310081,0.056767
Liberia,2017,3.533,148,0.332881,0.26655,0.119042,0.229918,0.038948
Guinea,2017,3.507,149,0.348588,0.264815,0.24455,0.194129,0.110938
Togo,2017,3.495,150,0.380426,0.196896,0.305445,0.247106,0.095665
Rwanda,2017,3.471,151,0.581844,0.252756,0.368746,0.326425,0.45522
Syria,2017,3.462,152,0.081539,0.493664,0.777153,0.500533,0.151347
Tanzania,2017,3.349,153,0.390018,0.354256,0.511136,0.364509,0.066035
Burundi,2017,2.905,154,0.059901,0.204435,0.091623,0.151611,0.084148
Finland,2018,7.632,1,0.681,0.202,1.305,0.874,0.393
Norway,2018,7.594,2,0.686,0.286,1.456,0.861,0.34
Denmark,2018,7.555,3,0.683,0.284,1.351,0.868,0.408
Iceland,2018,7.495,4,0.677,0.353,1.343,0.914,0.138
Switzerland,2018,7.487,5,0.66,0.256,1.42,0.927,0.357
Netherlands,2018,7.441,6,0.638,0.333,1.361,0.878,0.295
Canada,2018,7.328,7,0.653,0.321,1.33,0.896,0.291
New Zealand,2018,7.324,8,0.669,0.365,1.268,0.876,0.389
Sweden,2018,7.314,9,0.659,0.285,1.355,0.913,0.383
Australia,2018,7.272,10,0.647,0.361,1.34,0.91,0.302
United Kingdom,2018,7.19,11,0.464,0.262,1.244,0.888,0.082
Austria,2018,7.139,12,0.617,0.242,1.341,0.891,0.224
Costa Rica,2018,7.072,13,0.632,0.143,1.01,0.817,0.101
Ireland,2018,6.977,14,0.614,0.307,1.448,0.876,0.306
Germany,2018,6.965,15,0.586,0.273,1.34,0.861,0.28
Belgium,2018,6.927,16,0.583,0.188,1.324,0.894,0.24
Luxembourg,2018,6.91,17,0.632,0.196,1.576,0.896,0.321
United States,2018,6.886,18,0.547,0.291,1.398,0.819,0.133
Israel,2018,6.814,19,0.533,0.354,1.301,0.883,0.272
United Arab Emirates,2018,6.774,20,0.284,0.186,2.096,0.67,0.0
Czech Republic,2018,6.711,21,0.543,0.064,1.233,0.854,0.034
Malta,2018,6.627,22,0.645,0.376,1.27,0.884,0.142
France,2018,6.489,23,0.52,0.098,1.293,0.908,0.176
Mexico,2018,6.488,24,0.479,0.069,1.038,0.761,0.095
Chile,2018,6.476,25,0.431,0.197,1.131,0.808,0.061
Taiwan,2018,6.441,26,0.418,0.151,1.365,0.857,0.078
Panama,2018,6.43,27,0.597,0.125,1.112,0.759,0.063
Brazil,2018,6.419,28,0.493,0.11,0.986,0.675,0.088
Argentina,2018,6.388,29,0.57,0.062,1.073,0.744,0.054
Guatemala,2018,6.382,30,0.604,0.179,0.781,0.608,0.071
Uruguay,2018,6.379,31,0.625,0.13,1.093,0.771,0.155
Qatar,2018,6.374,32,0.654,0.256,1.649,0.748,0.171
Saudi Arabia,2018,6.371,33,0.509,0.098,1.379,0.633,0.127
Singapore,2018,6.343,34,0.631,0.261,1.529,1.008,0.457
Malaysia,2018,6.322,35,0.356,0.311,1.161,0.669,0.059
Spain,2018,6.31,36,0.449,0.142,1.251,0.965,0.074
Colombia,2018,6.26,37,0.531,0.099,0.96,0.635,0.039
Trinidad and Tobago,2018,6.192,38,0.575,0.171,1.223,0.564,0.019
Slovakia,2018,6.173,39,0.354,0.118,1.21,0.776,0.014
El Salvador,2018,6.167,40,0.461,0.065,0.806,0.639,0.082
Nicaragua,2018,6.141,41,0.527,0.208,0.668,0.7,0.128
Poland,2018,6.123,42,0.546,0.108,1.176,0.781,0.064
Bahrain,2018,6.105,43,0.594,0.243,1.338,0.698,0.123
Uzbekistan,2018,6.096,44,0.724,0.328,0.719,0.605,0.259
Kuwait,2018,6.083,45,0.554,0.167,1.474,0.675,0.106
Thailand,2018,6.072,46,0.637,0.364,1.016,0.707,0.029
Italy,2018,6.0,47,0.281,0.137,1.264,0.946,0.028
Ecuador,2018,5.973,48,0.556,0.114,0.889,0.736,0.12
Lithuania,2018,5.952,50,0.35,0.026,1.197,0.716,0.006
Slovenia,2018,5.948,51,0.633,0.16,1.219,0.856,0.051
Romania,2018,5.945,52,0.528,0.088,1.116,0.726,0.001
Latvia,2018,5.933,53,0.363,0.092,1.148,0.671,0.066
Japan,2018,5.915,54,0.553,0.079,1.294,0.988,0.15
Mauritius,2018,5.891,55,0.584,0.245,1.09,0.684,0.05
Jamaica,2018,5.89,56,0.575,0.096,0.819,0.693,0.031
South Korea,2018,5.875,57,0.244,0.175,1.266,0.955,0.051
Northern Cyprus,2018,5.835,58,0.495,0.179,1.229,0.909,0.154
Russia,2018,5.81,59,0.399,0.065,1.151,0.599,0.025
Kazakhstan,2018,5.79,60,0.454,0.148,1.143,0.631,0.121
Cyprus,2018,5.762,61,0.423,0.202,1.229,0.909,0.035
Bolivia,2018,5.752,62,0.606,0.141,0.751,0.508,0.054
Estonia,2018,5.739,63,0.553,0.086,1.2,0.737,0.174
Paraguay,2018,5.681,64,0.541,0.162,0.835,0.615,0.074
Peru,2018,5.663,65,0.53,0.092,0.934,0.674,0.034
Kosovo,2018,5.662,66,0.448,0.274,0.855,0.578,0.023
Moldova,2018,5.64,67,0.232,0.171,0.657,0.62,0.0
Turkmenistan,2018,5.636,68,0.417,0.199,1.016,0.517,0.037
Hungary,2018,5.62,69,0.259,0.061,1.171,0.732,0.022
Libya,2018,5.566,70,0.496,0.116,0.985,0.553,0.148
Philippines,2018,5.524,71,0.643,0.12,0.775,0.513,0.105
Honduras,2018,5.504,72,0.459,0.197,0.62,0.622,0.074
Belarus,2018,5.483,73,0.307,0.101,1.039,0.7,0.154
Turkey,2018,5.483,74,0.324,0.106,1.148,0.686,0.109
Pakistan,2018,5.472,75,0.334,0.216,0.652,0.424,0.113
Hong Kong,2018,5.43,76,0.524,0.246,1.405,1.03,0.291
Portugal,2018,5.41,77,0.562,0.055,1.188,0.884,0.017
Serbia,2018,5.398,78,0.288,0.134,0.975,0.685,0.043
Greece,2018,5.358,79,0.131,0.0,1.154,0.879,0.044
Lebanon,2018,5.358,80,0.503,0.214,0.965,0.785,0.136
Montenegro,2018,5.347,81,0.259,0.111,1.017,0.729,0.081
Croatia,2018,5.321,82,0.38,0.12,1.115,0.737,0.039
Dominican Republic,2018,5.302,83,0.578,0.12,0.982,0.614,0.106
Algeria,2018,5.295,84,0.077,0.055,0.979,0.687,0.135
Morocco,2018,5.254,85,0.46,0.026,0.779,0.669,0.074
China,2018,5.246,86,0.597,0.029,0.989,0.799,0.103
Azerbaijan,2018,5.201,87,0.43,0.031,1.024,0.603,0.176
Tajikistan,2018,5.199,88,0.292,0.187,0.474,0.598,0.034
North Macedonia,2018,5.185,89,0.394,0.173,0.959,0.691,0.052
Jordan,2018,5.161,90,0.468,0.13,0.822,0.645,0.134
Nigeria,2018,5.155,91,0.462,0.201,0.689,0.048,0.032
Kyrgyzstan,2018,5.131,92,0.54,0.281,0.53,0.594,0.035
Bosnia and Herzegovina,2018,5.129,93,0.28,0.216,0.915,0.758,0.0
Mongolia,2018,5.125,94,0.395,0.253,0.914,0.575,0.032
Vietnam,2018,5.103,95,0.618,0.177,0.715,0.702,0.079
Indonesia,2018,5.093,96,0.538,0.484,0.899,0.522,0.018
Bhutan,2018,5.082,97,0.541,0.364,0.796,0.527,0.171
Cameroon,2018,4.975,99,0.454,0.183,0.535,0.182,0.043
Bulgaria,2018,4.933,100,0.359,0.064,1.054,0.712,0.009
Nepal,2018,4.88,101,0.526,0.302,0.425,0.539,0.078
Venezuela,2018,4.806,102,0.133,0.056,0.996,0.657,0.052
Gabon,2018,4.758,103,0.356,0.032,1.036,0.404,0.052
Palestinian Territories,2018,4.743,104,0.266,0.086,0.642,0.602,0.076
South Africa,2018,4.724,105,0.516,0.103,0.94,0.33,0.056
Iran,2018,4.707,106,0.459,0.282,1.059,0.691,0.129
Ivory Coast,2018,4.671,107,0.467,0.146,0.541,0.08,0.103
Ghana,2018,4.657,108,0.499,0.212,0.592,0.337,0.029
Senegal,2018,4.631,109,0.406,0.138,0.429,0.433,0.082
Tunisia,2018,4.592,111,0.271,0.04,0.9,0.69,0.063
Albania,2018,4.586,112,0.419,0.149,0.916,0.79,0.032
Sierra Leone,2018,4.571,113,0.355,0.238,0.256,0.0,0.053
Congo (Brazzaville),2018,4.559,114,0.514,0.091,0.682,0.343,0.077
Bangladesh,2018,4.5,115,0.58,0.153,0.532,0.579,0.144
Sri Lanka,2018,4.471,116,0.585,0.307,0.918,0.672,0.05
Iraq,2018,4.456,117,0.304,0.148,1.01,0.536,0.095
Mali,2018,4.447,118,0.367,0.139,0.37,0.152,0.056
Cambodia,2018,4.433,120,0.696,0.256,0.549,0.457,0.065
Burkina Faso,2018,4.424,121,0.312,0.175,0.314,0.254,0.128
Egypt,2018,4.419,122,0.312,0.092,0.885,0.553,0.107
Kenya,2018,4.41,124,0.504,0.352,0.493,0.454,0.055
Zambia,2018,4.377,125,0.503,0.221,0.562,0.295,0.082
Mauritania,2018,4.356,126,0.129,0.134,0.557,0.292,0.093
Ethiopia,2018,4.35,127,0.452,0.22,0.308,0.391,0.146
Georgia,2018,4.34,128,0.375,0.038,0.853,0.643,0.215
Armenia,2018,4.321,129,0.26,0.077,0.816,0.666,0.028
Myanmar,2018,4.308,130,0.58,0.598,0.682,0.429,0.178
Chad,2018,4.301,131,0.189,0.181,0.358,0.053,0.06
Congo (Kinshasa),2018,4.245,132,0.312,0.197,0.069,0.204,0.052
India,2018,4.19,133,0.539,0.172,0.721,0.485,0.093
Niger,2018,4.166,134,0.39,0.175,0.131,0.221,0.099
Uganda,2018,4.161,135,0.45,0.259,0.322,0.237,0.061
Benin,2018,4.141,136,0.44,0.163,0.378,0.24,0.067
Ukraine,2018,4.103,138,0.163,0.187,0.793,0.609,0.011
Togo,2018,3.999,139,0.434,0.158,0.259,0.253,0.101
Guinea,2018,3.964,140,0.394,0.185,0.344,0.211,0.094
Madagascar,2018,3.774,143,0.221,0.155,0.262,0.402,0.049
Zimbabwe,2018,3.692,144,0.406,0.132,0.357,0.248,0.099
Afghanistan,2018,3.632,145,0.085,0.191,0.332,0.255,0.036
Botswana,2018,3.59,146,0.557,0.042,1.017,0.417,0.092
Malawi,2018,3.587,147,0.531,0.21,0.186,0.306,0.08
Haiti,2018,3.582,148,0.025,0.392,0.315,0.289,0.104
Liberia,2018,3.495,149,0.419,0.206,0.076,0.267,0.03
Syria,2018,3.462,150,0.088,0.376,0.689,0.539,0.144
Rwanda,2018,3.408,151,0.636,0.2,0.332,0.4,0.444
Yemen,2018,3.355,152,0.244,0.083,0.442,0.343,0.064
Tanzania,2018,3.303,153,0.481,0.27,0.455,0.381,0.097
Burundi,2018,2.905,156,0.065,0.149,0.091,0.145,0.076
Finland,2019,7.769,1,0.596,0.153,1.34,0.986,0.393
Denmark,2019,7.6,2,0.592,0.252,1.383,0.996,0.41
Norway,2019,7.554,3,0.603,0.271,1.488,1.028,0.341
Iceland,2019,7.494,4,0.591,0.354,1.38,1.026,0.118
Netherlands,2019,7.488,5,0.557,0.322,1.396,0.999,0.298
Switzerland,2019,7.48,6,0.572,0.263,1.452,1.052,0.343
Sweden,2019,7.343,7,0.574,0.267,1.387,1.009,0.373
New Zealand,2019,7.307,8,0.585,0.33,1.303,1.026,0.38
Canada,2019,7.278,9,0.584,0.285,1.365,1.039,0.308
Austria,2019,7.246,10,0.532,0.244,1.376,1.016,0.226
Australia,2019,7.228,11,0.557,0.332,1.372,1.036,0.29
Costa Rica,2019,7.167,12,0.558,0.144,1.034,0.963,0.093
Israel,2019,7.139,13,0.371,0.261,1.276,1.029,0.082
Luxembourg,2019,7.09,14,0.526,0.194,1.609,1.012,0.316
United Kingdom,2019,7.054,15,0.45,0.348,1.333,0.996,0.278
Ireland,2019,7.021,16,0.516,0.298,1.499,0.999,0.31
Germany,2019,6.985,17,0.495,0.261,1.373,0.987,0.265
Belgium,2019,6.923,18,0.473,0.16,1.356,0.986,0.21
United States,2019,6.892,19,0.454,0.28,1.433,0.874,0.128
Czech Republic,2019,6.852,20,0.457,0.046,1.269,0.92,0.036
United Arab Emirates,2019,6.825,21,0.598,0.262,1.503,0.825,0.182
Malta,2019,6.726,22,0.564,0.375,1.3,0.999,0.151
Mexico,2019,6.595,23,0.433,0.074,1.07,0.861,0.073
France,2019,6.592,24,0.436,0.111,1.324,1.045,0.183
Taiwan,2019,6.446,25,0.351,0.242,1.368,0.914,0.097
Chile,2019,6.444,26,0.357,0.187,1.159,0.92,0.056
Guatemala,2019,6.436,27,0.535,0.175,0.8,0.746,0.078
Saudi Arabia,2019,6.375,28,0.439,0.08,1.403,0.795,0.132
Qatar,2019,6.374,29,0.555,0.22,1.684,0.871,0.167
Spain,2019,6.354,30,0.362,0.153,1.286,1.062,0.079
Panama,2019,6.321,31,0.516,0.109,1.149,0.91,0.054
Brazil,2019,6.3,32,0.39,0.099,1.004,0.802,0.086
Uruguay,2019,6.293,33,0.523,0.127,1.124,0.891,0.15
Singapore,2019,6.262,34,0.556,0.271,1.572,1.141,0.453
El Salvador,2019,6.253,35,0.43,0.093,0.794,0.789,0.074
Italy,2019,6.223,36,0.231,0.158,1.294,1.039,0.03
Bahrain,2019,6.199,37,0.536,0.255,1.362,0.871,0.11
Slovakia,2019,6.198,38,0.334,0.121,1.246,0.881,0.014
Trinidad and Tobago,2019,6.192,39,0.489,0.185,1.231,0.713,0.016
Poland,2019,6.182,40,0.483,0.117,1.206,0.884,0.05
Uzbekistan,2019,6.174,41,0.631,0.322,0.745,0.756,0.24
Lithuania,2019,6.149,42,0.291,0.043,1.238,0.818,0.042
Colombia,2019,6.125,43,0.47,0.099,0.985,0.841,0.034
Slovenia,2019,6.118,44,0.564,0.144,1.258,0.953,0.057
Nicaragua,2019,6.105,45,0.435,0.2,0.694,0.835,0.127
Kosovo,2019,6.1,46,0.489,0.262,0.882,0.758,0.006
Argentina,2019,6.086,47,0.471,0.066,1.092,0.881,0.05
Romania,2019,6.07,48,0.462,0.083,1.162,0.825,0.005
Cyprus,2019,6.046,49,0.406,0.19,1.263,1.042,0.041
Ecuador,2019,6.028,50,0.498,0.126,0.912,0.868,0.087
Kuwait,2019,6.021,51,0.493,0.142,1.5,0.808,0.097
Thailand,2019,6.008,52,0.557,0.359,1.05,0.828,0.028
Latvia,2019,5.94,53,0.264,0.075,1.187,0.812,0.064
South Korea,2019,5.895,54,0.159,0.175,1.301,1.036,0.056
Estonia,2019,5.893,55,0.495,0.103,1.237,0.874,0.161
Jamaica,2019,5.89,56,0.49,0.107,0.831,0.831,0.028
Mauritius,2019,5.888,57,0.498,0.215,1.12,0.798,0.06
Japan,2019,5.886,58,0.445,0.069,1.327,1.088,0.14
Honduras,2019,5.86,59,0.507,0.246,0.642,0.828,0.078
Kazakhstan,2019,5.809,60,0.41,0.146,1.173,0.729,0.096
Bolivia,2019,5.779,61,0.511,0.137,0.776,0.706,0.064
Hungary,2019,5.758,62,0.199,0.081,1.201,0.828,0.02
Paraguay,2019,5.743,63,0.514,0.184,0.855,0.777,0.08
Northern Cyprus,2019,5.718,64,0.417,0.191,1.263,1.042,0.162
Peru,2019,5.697,65,0.455,0.083,0.96,0.854,0.027
Portugal,2019,5.693,66,0.508,0.047,1.221,0.999,0.025
Pakistan,2019,5.653,67,0.313,0.22,0.677,0.535,0.098
Russia,2019,5.648,68,0.334,0.082,1.183,0.726,0.031
Philippines,2019,5.631,69,0.558,0.117,0.807,0.657,0.107
Serbia,2019,5.603,70,0.282,0.137,1.004,0.854,0.039
Moldova,2019,5.529,71,0.245,0.181,0.685,0.739,0.0
Libya,2019,5.525,72,0.416,0.133,1.044,0.673,0.152
Montenegro,2019,5.523,73,0.197,0.142,1.051,0.871,0.08
Tajikistan,2019,5.467,74,0.389,0.23,0.493,0.718,0.144
Croatia,2019,5.432,75,0.296,0.119,1.155,0.914,0.022
Hong Kong,2019,5.43,76,0.44,0.258,1.438,1.122,0.287
Dominican Republic,2019,5.425,77,0.497,0.113,1.015,0.779,0.101
Bosnia and Herzegovina,2019,5.386,78,0.212,0.263,0.945,0.845,0.006
Turkey,2019,5.373,79,0.195,0.083,1.183,0.808,0.106
Malaysia,2019,5.339,80,0.508,0.26,1.221,0.828,0.024
Belarus,2019,5.323,81,0.235,0.094,1.067,0.789,0.142
Greece,2019,5.287,82,0.067,0.0,1.181,0.999,0.034
Mongolia,2019,5.285,83,0.317,0.235,0.948,0.667,0.038
North Macedonia,2019,5.274,84,0.345,0.185,0.983,0.838,0.034
Nigeria,2019,5.265,85,0.426,0.215,0.696,0.245,0.041
Kyrgyzstan,2019,5.261,86,0.508,0.3,0.551,0.723,0.023
Turkmenistan,2019,5.247,87,0.394,0.244,1.052,0.657,0.028
Algeria,2019,5.211,88,0.086,0.073,1.002,0.785,0.114
Morocco,2019,5.208,89,0.418,0.036,0.801,0.782,0.076
Azerbaijan,2019,5.208,90,0.351,0.035,1.043,0.769,0.182
Lebanon,2019,5.197,91,0.216,0.166,0.987,0.815,0.027
Indonesia,2019,5.192,92,0.491,0.498,0.931,0.66,0.028
China,2019,5.191,93,0.521,0.058,1.029,0.893,0.1
Vietnam,2019,5.175,94,0.543,0.147,0.741,0.851,0.073
Bhutan,2019,5.082,95,0.457,0.37,0.813,0.604,0.167
Cameroon,2019,5.044,96,0.381,0.187,0.549,0.331,0.037
Bulgaria,2019,5.011,97,0.311,0.081,1.092,0.815,0.004
Ghana,2019,4.996,98,0.381,0.245,0.611,0.486,0.04
Ivory Coast,2019,4.944,99,0.352,0.154,0.569,0.232,0.09
Nepal,2019,4.913,100,0.439,0.285,0.446,0.677,0.089
Jordan,2019,4.906,101,0.383,0.11,0.837,0.815,0.13
Benin,2019,4.883,102,0.349,0.175,0.393,0.397,0.082
Congo (Brazzaville),2019,4.812,103,0.372,0.105,0.673,0.508,0.093
Gabon,2019,4.799,104,0.295,0.043,1.057,0.571,0.055
South Africa,2019,4.722,106,0.389,0.13,0.96,0.469,0.055
Albania,2019,4.719,107,0.383,0.178,0.947,0.874,0.027
Venezuela,2019,4.707,108,0.154,0.064,0.96,0.805,0.047
Cambodia,2019,4.7,109,0.609,0.232,0.574,0.637,0.062
Palestinian Territories,2019,4.696,110,0.225,0.103,0.657,0.672,0.066
Senegal,2019,4.681,111,0.292,0.153,0.45,0.571,0.072
Niger,2019,4.628,114,0.318,0.188,0.138,0.366,0.102
Burkina Faso,2019,4.587,115,0.255,0.177,0.331,0.38,0.113
Armenia,2019,4.559,116,0.283,0.095,0.85,0.815,0.064
Iran,2019,4.548,117,0.305,0.27,1.1,0.785,0.125
Guinea,2019,4.534,118,0.332,0.207,0.38,0.375,0.086
Georgia,2019,4.519,119,0.346,0.043,0.886,0.752,0.164
Kenya,2019,4.509,121,0.431,0.372,0.512,0.581,0.053
Mauritania,2019,4.49,122,0.066,0.106,0.57,0.489,0.088
Tunisia,2019,4.461,124,0.167,0.059,0.921,0.815,0.055
Bangladesh,2019,4.456,125,0.527,0.166,0.562,0.723,0.143
Iraq,2019,4.437,126,0.241,0.148,1.043,0.574,0.089
Congo (Kinshasa),2019,4.418,127,0.269,0.212,0.094,0.357,0.053
Mali,2019,4.39,128,0.327,0.153,0.385,0.308,0.052
Sierra Leone,2019,4.374,129,0.309,0.252,0.268,0.242,0.045
Sri Lanka,2019,4.366,130,0.47,0.244,0.949,0.831,0.047
Myanmar,2019,4.36,131,0.525,0.566,0.71,0.555,0.172
Chad,2019,4.35,132,0.174,0.198,0.35,0.192,0.078
Ukraine,2019,4.332,133,0.178,0.187,0.82,0.739,0.01
Ethiopia,2019,4.286,134,0.344,0.209,0.336,0.532,0.1
Uganda,2019,4.189,136,0.356,0.252,0.332,0.443,0.06
Egypt,2019,4.166,137,0.241,0.076,0.913,0.644,0.067
Zambia,2019,4.107,138,0.431,0.247,0.578,0.426,0.087
Togo,2019,4.085,139,0.293,0.177,0.275,0.41,0.085
India,2019,4.015,140,0.498,0.2,0.755,0.588,0.085
Liberia,2019,3.975,141,0.37,0.233,0.073,0.443,0.033
Madagascar,2019,3.933,143,0.148,0.169,0.274,0.555,0.041
Burundi,2019,3.775,145,0.22,0.176,0.046,0.38,0.18
Zimbabwe,2019,3.663,146,0.361,0.151,0.366,0.433,0.089
Haiti,2019,3.597,147,0.026,0.419,0.323,0.449,0.11
Botswana,2019,3.488,148,0.455,0.025,1.041,0.538,0.1
Syria,2019,3.462,149,0.013,0.331,0.619,0.44,0.141
Malawi,2019,3.41,150,0.443,0.218,0.191,0.495,0.089
Yemen,2019,3.38,151,0.143,0.108,0.287,0.463,0.077
Rwanda,2019,3.334,152,0.555,0.217,0.359,0.614,0.411
Tanzania,2019,3.231,153,0.417,0.276,0.476,0.499,0.147
Afghanistan,2019,3.203,154,0.0,0.158,0.35,0.361,0.025
